Transaction_ID,Item_Name
1001,Diaper
1001,Cheese
1001,Cola
1001,Milk
1002,Bread
1002,Butter
1003,Bread
1003,Chips
1003,Yogurt
1003,Butter
1004,Cheese
1004,Beer
1004,Yogurt
1004,Bread
1004,Diaper
1005,Yogurt
1005,Butter
1005,Bread
1005,Chips
1005,Cola
1006,Cheese
1006,Diaper
1006,Beer
1006,Chips
1007,Bread
1007,Cola
1007,Butter
1008,Bread
1008,Butter
1009,Bread
1009,Butter
1010,Diaper
1010,Beer
1010,Butter
1010,Milk
1011,Diaper
1011,Beer
1012,Bread
1012,Cola
1012,Milk
1013,Bread
1013,Diaper
1013,Eggs
1013,Butter
1014,Cheese
1014,Milk
1014,Butter
1014,Bread
1014,Diaper
1015,Bread
1015,Cola
1015,Eggs
1016,Diaper
1016,Beer
1016,Butter
1017,Bread
1017,Beer
1017,Yogurt
1017,Butter
1018,Bread
1018,Chips
1018,Butter
1019,Diaper
1019,Beer
1020,Diaper
1020,Beer
1021,Bread
1021,Cola
1021,Butter
1022,Diaper
1022,Beer
1022,Butter
1023,Yogurt
1023,Milk
1023,Butter
1024,Cheese
1024,Chips
1024,Eggs
1024,Milk
1025,Diaper
1025,Beer
1025,Cola
1026,Bread
1026,Chips
1026,Yogurt
1026,Butter
1027,Cheese
1027,Diaper
1027,Beer
1027,Eggs
1028,Cheese
1028,Diaper
1028,Eggs
1029,Cola
1029,Eggs
1029,Yogurt
1030,Diaper
1030,Beer
1030,Chips
1031,Cheese
1031,Beer
1031,Diaper
1031,Chips
1031,Eggs
1032,Bread
1032,Diaper
1032,Beer
1032,Chips
1033,Bread
1033,Beer
1033,Eggs
1033,Butter
1034,Bread
1034,Butter
1035,Beer
1035,Yogurt
1035,Butter
1035,Bread
1035,Cola
1036,Bread
1036,Cola
1037,Bread
1037,Beer
1037,Butter
1037,Chips
1038,Bread
1038,Cheese
1038,Milk
1038,Butter
1039,Cheese
1039,Beer
1039,Diaper
1039,Chips
1039,Eggs
1040,Beer
1040,Yogurt
1040,Butter
1040,Diaper
1040,Eggs
1041,Bread
1041,Diaper
1041,Beer
1041,Butter
1042,Milk
1042,Beer
1042,Butter
1042,Bread
1042,Chips
1043,Cheese
1043,Milk
1043,Bread
1043,Eggs
1043,Cola
1044,Beer
1044,Diaper
1044,Chips
1044,Eggs
1044,Cola
1045,Diaper
1045,Beer
1045,Cola
1046,Diaper
1046,Beer
1046,Yogurt
1047,Diaper
1047,Beer
1047,Chips
1048,Eggs
1048,Milk
1048,Butter
1049,Cheese
1049,Yogurt
1049,Bread
1049,Eggs
1049,Cola
1050,Cheese
1050,Chips
1051,Bread
1051,Beer
1051,Butter
1052,Diaper
1052,Beer
1052,Yogurt
1052,Cola
1053,Cheese
1053,Beer
1053,Butter
1053,Bread
1053,Diaper
1054,Diaper
1054,Cheese
1054,Beer
1054,Bread
1055,Bread
1055,Cola
1056,Cola
1056,Milk
1056,Butter
1057,Bread
1057,Butter
1058,Bread
1058,Beer
1058,Eggs
1058,Butter
1059,Cheese
1059,Yogurt
1059,Butter
1059,Bread
1059,Eggs
1060,Beer
1060,Butter
1060,Bread
1060,Diaper
1060,Cola
1061,Bread
1061,Diaper
1061,Beer
1061,Eggs
1062,Bread
1062,Butter
1063,Diaper
1063,Beer
1063,Cola
1063,Yogurt
1064,Bread
1064,Chips
1064,Milk
1064,Butter
1065,Cheese
1065,Yogurt
1066,Diaper
1066,Beer
1067,Bread
1067,Milk
1067,Butter
1068,Bread
1068,Butter
1069,Diaper
1069,Beer
1069,Milk
1070,Diaper
1070,Beer
1070,Eggs
1070,Milk
1071,Bread
1071,Diaper
1071,Beer
1071,Chips
1072,Diaper
1072,Beer
1072,Eggs
1072,Butter
1073,Bread
1073,Chips
1073,Yogurt
1073,Butter
1074,Bread
1074,Cola
1074,Butter
1075,Cheese
1075,Yogurt
1075,Milk
1076,Bread
1076,Eggs
1076,Butter
1077,Bread
1077,Butter
1078,Diaper
1078,Beer
1079,Yogurt
1079,Butter
1079,Bread
1079,Eggs
1079,Cola
1080,Bread
1080,Cheese
1080,Butter
1081,Yogurt
1081,Butter
1081,Bread
1081,Eggs
1081,Cola
1082,Bread
1082,Diaper
1082,Butter
1083,Butter
1083,Bread
1083,Diaper
1083,Chips
1083,Eggs
1084,Bread
1084,Chips
1084,Yogurt
1084,Butter
1085,Beer
1085,Bread
1085,Chips
1085,Eggs
1085,Cola
1086,Bread
1086,Diaper
1086,Beer
1086,Milk
1087,Bread
1087,Cheese
1087,Beer
1087,Butter
1088,Beer
1088,Yogurt
1088,Bread
1088,Diaper
1088,Eggs
1089,Bread
1089,Cola
1090,Beer
1090,Yogurt
1091,Butter
1091,Bread
1091,Diaper
1091,Chips
1091,Eggs
1092,Bread
1092,Cola
1092,Butter
1093,Bread
1093,Diaper
1093,Cola
1093,Yogurt
1094,Diaper
1094,Beer
1094,Eggs
1095,Bread
1095,Butter
1096,Cheese
1096,Yogurt
1096,Butter
1096,Bread
1096,Diaper
1097,Yogurt
1097,Butter
1097,Bread
1097,Diaper
1097,Eggs
1098,Bread
1098,Beer
1098,Yogurt
1098,Butter
1099,Diaper
1099,Yogurt
1100,Bread
1100,Diaper
1100,Chips
1100,Milk
1101,Cheese
1101,Bread
1101,Diaper
1101,Chips
1101,Cola
1102,Bread
1102,Diaper
1102,Butter
1102,Cheese
1103,Cheese
1103,Milk
1103,Bread
1103,Diaper
1103,Eggs
1104,Cheese
1104,Chips
1104,Eggs
1105,Cheese
1105,Diaper
1105,Chips
1105,Eggs
1105,Cola
1106,Bread
1106,Cheese
1106,Butter
1107,Bread
1107,Butter
1108,Beer
1108,Cola
1108,Butter
1109,Beer
1109,Butter
1109,Bread
1109,Chips
1109,Cola
1110,Beer
1110,Yogurt
1110,Butter
1110,Bread
1110,Diaper
1111,Bread
1111,Diaper
1111,Milk
1111,Butter
1112,Milk
1112,Butter
1112,Bread
1112,Diaper
1112,Chips
1113,Cheese
1113,Yogurt
1113,Bread
1113,Diaper
1113,Eggs
1114,Diaper
1114,Beer
1114,Yogurt
1114,Butter
1115,Cheese
1115,Milk
1115,Butter
1115,Chips
1115,Cola
1116,Diaper
1116,Beer
1116,Butter
1117,Bread
1117,Diaper
1117,Beer
1117,Cheese
1118,Bread
1118,Butter
1119,Bread
1119,Diaper
1119,Cola
1119,Butter
1120,Bread
1120,Diaper
1120,Butter
1120,Cheese
1121,Bread
1121,Beer
1121,Butter
1122,Cheese
1122,Beer
1122,Eggs
1123,Cheese
1123,Diaper
1123,Beer
1123,Eggs
1124,Bread
1124,Butter
1125,Cheese
1125,Butter
1125,Bread
1125,Diaper
1125,Chips
1126,Beer
1126,Yogurt
1126,Butter
1126,Diaper
1126,Cola
1127,Bread
1127,Butter
1128,Bread
1128,Beer
1128,Butter
1129,Bread
1129,Butter
1130,Bread
1130,Cheese
1130,Yogurt
1130,Butter
1131,Cheese
1131,Cola
1131,Yogurt
1131,Milk
1132,Bread
1132,Butter
1133,Bread
1133,Eggs
1133,Yogurt
1133,Butter
1134,Cheese
1134,Milk
1134,Beer
1134,Butter
1134,Bread
1135,Cheese
1135,Diaper
1135,Beer
1135,Cola
1136,Bread
1136,Diaper
1136,Butter
1137,Bread
1137,Yogurt
1137,Butter
1138,Diaper
1138,Beer
1138,Butter
1139,Bread
1139,Yogurt
1139,Eggs
1139,Butter
1140,Bread
1140,Chips
1140,Eggs
1141,Bread
1141,Butter
1142,Beer
1142,Yogurt
1143,Diaper
1143,Beer
1143,Yogurt
1143,Chips
1144,Bread
1144,Diaper
1144,Beer
1144,Butter
1145,Cheese
1145,Chips
1145,Eggs
1145,Milk
1146,Diaper
1146,Beer
1146,Butter
1147,Milk
1147,Butter
1147,Bread
1147,Chips
1147,Cola
1148,Bread
1148,Diaper
1148,Beer
1148,Eggs
1149,Diaper
1149,Beer
1149,Cola
1149,Yogurt
1150,Chips
1150,Cola
1150,Milk
1151,Cheese
1151,Milk
1151,Beer
1151,Butter
1151,Bread
1152,Diaper
1152,Beer
1152,Eggs
1152,Milk
1153,Bread
1153,Butter
1154,Milk
1154,Beer
1154,Butter
1154,Bread
1154,Eggs
1155,Bread
1155,Yogurt
1155,Milk
1155,Butter
1156,Bread
1156,Butter
1157,Milk
1157,Butter
1157,Bread
1157,Eggs
1157,Cola
1158,Milk
1158,Beer
1158,Butter
1158,Bread
1158,Eggs
1159,Bread
1159,Butter
1160,Chips
1160,Milk
1161,Cheese
1161,Diaper
1161,Beer
1162,Milk
1162,Butter
1162,Bread
1162,Eggs
1162,Cola
1163,Milk
1163,Yogurt
1163,Butter
1163,Bread
1163,Chips
1164,Milk
1164,Beer
1164,Butter
1164,Bread
1164,Chips
1165,Bread
1165,Cheese
1165,Cola
1165,Butter
1166,Bread
1166,Eggs
1166,Butter
1167,Diaper
1167,Beer
1167,Yogurt
1167,Chips
1168,Diaper
1168,Beer
1168,Cola
1169,Chips
1169,Eggs
1170,Bread
1170,Cola
1170,Butter
1171,Cheese
1171,Yogurt
1172,Bread
1172,Diaper
1172,Butter
1173,Diaper
1173,Beer
1173,Yogurt
1173,Butter
1174,Bread
1174,Butter
1175,Diaper
1175,Beer
1175,Eggs
1176,Bread
1176,Diaper
1176,Yogurt
1176,Milk
1177,Diaper
1177,Beer
1177,Butter
1177,Chips
1178,Bread
1178,Butter
1179,Bread
1179,Butter
1180,Bread
1180,Butter
1181,Cheese
1181,Beer
1181,Butter
1181,Bread
1181,Eggs
1182,Bread
1182,Butter
1183,Diaper
1183,Beer
1183,Milk
1184,Milk
1184,Beer
1184,Yogurt
1184,Diaper
1184,Chips
1185,Bread
1185,Diaper
1185,Beer
1185,Butter
1186,Cheese
1186,Diaper
1186,Beer
1187,Diaper
1187,Beer
1188,Milk
1188,Butter
1189,Chips
1189,Butter
1190,Chips
1190,Eggs
1191,Bread
1191,Yogurt
1191,Butter
1192,Bread
1192,Butter
1193,Cheese
1193,Yogurt
1193,Butter
1193,Bread
1193,Diaper
1194,Diaper
1194,Beer
1194,Yogurt
1195,Bread
1195,Diaper
1195,Chips
1195,Butter
1196,Diaper
1196,Beer
1196,Cola
1197,Diaper
1197,Cheese
1198,Yogurt
1198,Butter
1198,Bread
1198,Diaper
1198,Cola
1199,Cheese
1199,Milk
1199,Yogurt
1199,Butter
1199,Eggs
1200,Diaper
1200,Beer
1200,Eggs
1200,Milk
1201,Cheese
1201,Cola
1202,Bread
1202,Cheese
1202,Butter
1203,Bread
1203,Beer
1203,Cola
1203,Yogurt
1204,Diaper
1204,Beer
1204,Eggs
1204,Butter
1205,Bread
1205,Diaper
1205,Butter
1205,Cheese
1206,Milk
1206,Beer
1206,Yogurt
1206,Diaper
1206,Cola
1207,Cheese
1207,Diaper
1207,Beer
1207,Yogurt
1208,Diaper
1208,Beer
1209,Diaper
1209,Beer
1209,Yogurt
1210,Bread
1210,Cheese
1210,Cola
1210,Butter
1211,Cheese
1211,Diaper
1211,Beer
1212,Chips
1212,Eggs
1212,Beer
1212,Butter
1213,Bread
1213,Cola
1213,Yogurt
1214,Bread
1214,Cheese
1214,Butter
1215,Bread
1215,Beer
1215,Butter
1216,Bread
1216,Butter
1217,Bread
1217,Diaper
1217,Butter
1218,Milk
1218,Yogurt
1218,Bread
1218,Diaper
1218,Chips
1219,Bread
1219,Eggs
1219,Butter
1220,Cheese
1220,Beer
1220,Diaper
1220,Eggs
1220,Cola
1221,Cheese
1221,Milk
1221,Yogurt
1221,Bread
1221,Cola
1222,Bread
1222,Cheese
1222,Milk
1222,Butter
1223,Diaper
1223,Beer
1223,Cola
1224,Milk
1224,Beer
1224,Yogurt
1224,Butter
1224,Bread
1225,Bread
1225,Cheese
1225,Eggs
1225,Butter
1226,Cheese
1226,Beer
1226,Butter
1226,Bread
1226,Chips
1227,Bread
1227,Cheese
1227,Yogurt
1227,Butter
1228,Diaper
1228,Beer
1228,Yogurt
1229,Milk
1229,Yogurt
1229,Butter
1229,Bread
1229,Chips
1230,Cheese
1230,Yogurt
1230,Butter
1230,Diaper
1230,Eggs
1231,Milk
1231,Beer
1231,Yogurt
1231,Butter
1231,Bread
1232,Bread
1232,Chips
1232,Butter
1233,Diaper
1233,Beer
1233,Butter
1233,Chips
1234,Bread
1234,Chips
1234,Beer
1235,Diaper
1235,Beer
1235,Eggs
1235,Milk
1236,Cheese
1236,Milk
1236,Beer
1236,Diaper
1236,Chips
1237,Bread
1237,Diaper
1237,Beer
1237,Yogurt
1238,Bread
1238,Diaper
1238,Beer
1238,Chips
1239,Cheese
1239,Beer
1239,Bread
1239,Diaper
1239,Eggs
1240,Cheese
1240,Diaper
1240,Beer
1241,Diaper
1241,Cola
1241,Yogurt
1242,Bread
1242,Cheese
1242,Milk
1242,Butter
1243,Chips
1243,Eggs
1244,Bread
1244,Butter
1245,Bread
1245,Butter
1246,Cheese
1246,Beer
1246,Yogurt
1246,Diaper
1246,Chips
1247,Bread
1247,Yogurt
1247,Butter
1248,Bread
1248,Butter
1249,Bread
1249,Yogurt
1249,Butter
1250,Milk
1250,Beer
1250,Butter
1250,Bread
1250,Chips
1251,Bread
1251,Milk
1251,Butter
1252,Bread
1252,Butter
1253,Cheese
1253,Diaper
1253,Beer
1253,Butter
1254,Cheese
1254,Butter
1254,Bread
1254,Chips
1254,Cola
1255,Bread
1255,Cheese
1255,Eggs
1255,Butter
1256,Bread
1256,Cola
1256,Butter
1257,Cheese
1257,Yogurt
1258,Bread
1258,Eggs
1258,Milk
1258,Butter
1259,Bread
1259,Diaper
1259,Butter
1260,Bread
1260,Yogurt
1260,Butter
1261,Bread
1261,Butter
1262,Bread
1262,Chips
1262,Butter
1263,Diaper
1263,Beer
1263,Chips
1264,Bread
1264,Butter
1265,Chips
1265,Eggs
1266,Cheese
1266,Cola
1267,Cheese
1267,Beer
1267,Butter
1267,Diaper
1267,Chips
1268,Bread
1268,Butter
1269,Diaper
1269,Beer
1269,Cola
1270,Bread
1270,Yogurt
1270,Butter
1271,Cheese
1271,Milk
1271,Butter
1271,Bread
1271,Chips
1272,Milk
1272,Beer
1272,Yogurt
1272,Butter
1272,Cola
1273,Bread
1273,Butter
1274,Butter
1274,Bread
1274,Diaper
1274,Chips
1274,Cola
1275,Milk
1275,Yogurt
1275,Diaper
1275,Chips
1275,Eggs
1276,Bread
1276,Cheese
1276,Butter
1277,Diaper
1277,Beer
1278,Bread
1278,Chips
1278,Butter
1279,Chips
1279,Cola
1279,Yogurt
1279,Milk
1280,Cheese
1280,Diaper
1280,Milk
1281,Bread
1281,Beer
1281,Butter
1282,Diaper
1282,Eggs
1283,Bread
1283,Cola
1283,Yogurt
1283,Butter
1284,Diaper
1284,Beer
1284,Cola
1284,Chips
1285,Cheese
1285,Chips
1285,Cola
1285,Butter
1286,Bread
1286,Butter
1287,Diaper
1287,Beer
1287,Cola
1287,Butter
1288,Bread
1288,Butter
1289,Bread
1289,Cheese
1290,Bread
1290,Diaper
1290,Cola
1290,Eggs
1291,Cola
1291,Yogurt
1291,Milk
1291,Butter
1292,Cola
1292,Yogurt
1292,Milk
1293,Cheese
1293,Beer
1293,Butter
1293,Diaper
1293,Cola
1294,Butter
1294,Bread
1294,Diaper
1294,Eggs
1294,Cola
1295,Cheese
1295,Milk
1295,Butter
1295,Bread
1295,Chips
1296,Milk
1296,Beer
1296,Butter
1296,Bread
1296,Cola
1297,Bread
1297,Diaper
1297,Chips
1298,Beer
1298,Butter
1298,Bread
1298,Eggs
1298,Cola
1299,Cheese
1299,Butter
1299,Bread
1299,Diaper
1299,Cola
1300,Cheese
1300,Milk
1301,Bread
1301,Diaper
1301,Beer
1301,Milk
1302,Milk
1302,Yogurt
1302,Diaper
1302,Eggs
1302,Cola
1303,Eggs
1303,Chips
1303,Yogurt
1304,Diaper
1304,Beer
1304,Yogurt
1305,Cheese
1305,Diaper
1305,Beer
1305,Chips
1306,Bread
1306,Cheese
1306,Beer
1306,Butter
1307,Diaper
1307,Chips
1307,Eggs
1308,Cheese
1308,Milk
1308,Butter
1308,Bread
1308,Diaper
1309,Beer
1309,Yogurt
1309,Butter
1309,Bread
1309,Diaper
1310,Cheese
1310,Beer
1310,Butter
1310,Bread
1310,Diaper
1311,Bread
1311,Chips
1311,Beer
1311,Butter
1312,Cheese
1312,Chips
1313,Cheese
1313,Yogurt
1313,Butter
1314,Diaper
1314,Milk
1315,Beer
1315,Yogurt
1315,Butter
1315,Bread
1315,Cola
1316,Eggs
1316,Yogurt
1317,Bread
1317,Diaper
1317,Beer
1317,Cheese
1318,Bread
1318,Diaper
1318,Beer
1319,Beer
1319,Eggs
1319,Milk
1319,Chips
1320,Bread
1320,Chips
1320,Yogurt
1320,Butter
1321,Cheese
1321,Diaper
1321,Beer
1321,Cola
1322,Cheese
1322,Yogurt
1322,Butter
1322,Diaper
1322,Cola
1323,Cheese
1323,Beer
1323,Yogurt
1323,Diaper
1323,Cola
1324,Bread
1324,Eggs
1324,Butter
1325,Cheese
1325,Butter
1325,Bread
1325,Diaper
1325,Chips
1326,Bread
1326,Butter
1327,Bread
1327,Diaper
1327,Chips
1327,Butter
1328,Cheese
1328,Diaper
1328,Beer
1328,Chips
1329,Diaper
1329,Beer
1330,Bread
1330,Cheese
1330,Yogurt
1330,Butter
1331,Diaper
1331,Beer
1332,Diaper
1332,Cheese
1332,Chips
1333,Bread
1333,Cheese
1333,Butter
1334,Milk
1334,Yogurt
1334,Bread
1334,Chips
1334,Cola
1335,Milk
1335,Beer
1335,Yogurt
1335,Butter
1335,Bread
1336,Cheese
1336,Beer
1336,Diaper
1336,Chips
1336,Eggs
1337,Diaper
1337,Beer
1338,Butter
1338,Milk
1339,Cheese
1339,Beer
1339,Yogurt
1340,Milk
1340,Beer
1340,Bread
1340,Diaper
1340,Cola
1341,Bread
1341,Butter
1342,Chips
1342,Yogurt
1342,Butter
1343,Diaper
1343,Beer
1343,Milk
1343,Butter
1344,Diaper
1344,Cheese
1344,Cola
1344,Eggs
1345,Beer
1345,Yogurt
1346,Bread
1346,Diaper
1346,Beer
1347,Bread
1347,Cheese
1347,Yogurt
1348,Butter
1348,Bread
1348,Diaper
1348,Chips
1348,Eggs
1349,Diaper
1349,Beer
1350,Cheese
1350,Yogurt
1351,Bread
1351,Chips
1351,Eggs
1351,Butter
1352,Diaper
1352,Beer
1353,Eggs
1353,Milk
1354,Cheese
1354,Diaper
1354,Beer
1355,Cola
1355,Yogurt
1355,Butter
1356,Beer
1356,Yogurt
1356,Butter
1356,Diaper
1356,Chips
1357,Eggs
1357,Beer
1357,Yogurt
1357,Milk
1358,Bread
1358,Butter
1359,Bread
1359,Cheese
1359,Eggs
1359,Butter
1360,Bread
1360,Diaper
1361,Cheese
1361,Diaper
1361,Beer
1361,Cola
1362,Beer
1362,Cola
1363,Yogurt
1363,Butter
1363,Diaper
1363,Eggs
1363,Cola
1364,Diaper
1364,Beer
1365,Diaper
1365,Beer
1365,Milk
1365,Chips
1366,Bread
1366,Milk
1366,Butter
1367,Bread
1367,Butter
1368,Bread
1368,Milk
1369,Cheese
1369,Milk
1369,Beer
1369,Diaper
1369,Eggs
1370,Bread
1370,Yogurt
1370,Butter
1371,Yogurt
1371,Butter
1371,Bread
1371,Diaper
1371,Eggs
1372,Bread
1372,Diaper
1372,Beer
1372,Butter
1373,Bread
1373,Diaper
1373,Beer
1373,Butter
1374,Milk
1374,Beer
1374,Bread
1374,Diaper
1374,Cola
1375,Milk
1375,Beer
1375,Yogurt
1375,Bread
1375,Chips
1376,Bread
1376,Chips
1376,Milk
1376,Butter
1377,Beer
1377,Butter
1378,Milk
1378,Beer
1378,Yogurt
1378,Bread
1378,Chips
1379,Chips
1379,Eggs
1379,Cola
1379,Beer
1380,Chips
1380,Yogurt
1380,Cola
1380,Butter
1381,Bread
1381,Cheese
1381,Chips
1381,Butter
1382,Diaper
1382,Beer
1383,Bread
1383,Butter
1384,Bread
1384,Chips
1384,Milk
1384,Butter
1385,Beer
1385,Yogurt
1385,Butter
1385,Diaper
1385,Chips
1386,Cheese
1386,Beer
1386,Butter
1386,Diaper
1386,Eggs
1387,Cheese
1387,Milk
1387,Beer
1387,Butter
1387,Chips
1388,Diaper
1388,Beer
1389,Bread
1389,Milk
1389,Butter
1390,Diaper
1390,Yogurt
1390,Butter
1391,Bread
1391,Cheese
1391,Beer
1391,Butter
1392,Diaper
1392,Beer
1392,Milk
1393,Diaper
1393,Beer
1394,Bread
1394,Eggs
1394,Milk
1394,Butter
1395,Diaper
1395,Beer
1395,Butter
1396,Bread
1396,Butter
1397,Milk
1397,Butter
1397,Bread
1397,Eggs
1397,Cola
1398,Cheese
1398,Milk
1398,Yogurt
1398,Chips
1398,Cola
1399,Diaper
1399,Beer
1399,Eggs
1400,Bread
1400,Cheese
1400,Cola
1400,Butter
1401,Diaper
1401,Beer
1402,Yogurt
1402,Butter
1403,Cheese
1403,Beer
1403,Yogurt
1403,Butter
1403,Bread
1404,Bread
1404,Yogurt
1405,Bread
1405,Butter
1406,Cheese
1406,Diaper
1406,Beer
1407,Bread
1407,Butter
1408,Diaper
1408,Beer
1409,Diaper
1409,Yogurt
1409,Butter
1410,Bread
1410,Beer
1410,Yogurt
1410,Butter
1411,Diaper
1411,Beer
1412,Milk
1412,Butter
1412,Bread
1412,Eggs
1412,Cola
1413,Bread
1413,Butter
1414,Diaper
1414,Beer
1414,Milk
1415,Bread
1415,Diaper
1415,Beer
1416,Cheese
1416,Beer
1416,Butter
1416,Diaper
1416,Chips
1417,Bread
1417,Butter
1418,Diaper
1418,Butter
1418,Eggs
1418,Milk
1419,Eggs
1419,Chips
1419,Cola
1419,Butter
1420,Bread
1420,Chips
1420,Butter
1421,Cheese
1421,Milk
1421,Butter
1421,Bread
1421,Diaper
1422,Diaper
1422,Beer
1422,Eggs
1423,Cheese
1423,Milk
1423,Yogurt
1423,Butter
1423,Bread
1424,Diaper
1424,Beer
1424,Cola
1424,Butter
1425,Yogurt
1425,Butter
1425,Bread
1425,Diaper
1425,Eggs
1426,Bread
1426,Diaper
1426,Beer
1427,Yogurt
1427,Butter
1427,Diaper
1427,Chips
1427,Eggs
1428,Milk
1428,Butter
1428,Bread
1428,Chips
1428,Eggs
1429,Bread
1429,Beer
1429,Butter
1430,Bread
1430,Diaper
1430,Beer
1430,Butter
1431,Diaper
1431,Beer
1431,Cola
1431,Butter
1432,Bread
1432,Diaper
1432,Beer
1432,Milk
1433,Milk
1433,Yogurt
1433,Butter
1433,Bread
1433,Diaper
1434,Diaper
1434,Beer
1434,Cola
1434,Chips
1435,Bread
1435,Butter
1436,Bread
1436,Butter
1437,Bread
1437,Diaper
1437,Cola
1437,Butter
1438,Bread
1438,Diaper
1438,Beer
1439,Milk
1439,Beer
1439,Butter
1439,Bread
1439,Eggs
1440,Cheese
1440,Beer
1440,Yogurt
1440,Diaper
1440,Cola
1441,Diaper
1441,Beer
1442,Beer
1442,Yogurt
1442,Butter
1442,Bread
1442,Chips
1443,Milk
1443,Bread
1443,Diaper
1443,Chips
1443,Cola
1444,Butter
1444,Bread
1444,Diaper
1444,Chips
1444,Cola
1445,Diaper
1445,Beer
1446,Bread
1446,Butter
1447,Milk
1447,Beer
1447,Butter
1447,Bread
1447,Diaper
1448,Diaper
1448,Beer
1448,Chips
1449,Diaper
1449,Beer
1449,Eggs
1450,Diaper
1450,Beer
1451,Bread
1451,Cheese
1451,Diaper
1451,Butter
1452,Bread
1452,Diaper
1452,Beer
1453,Bread
1453,Diaper
1453,Chips
1453,Butter
1454,Bread
1454,Butter
1455,Milk
1455,Yogurt
1455,Butter
1455,Bread
1455,Diaper
1456,Diaper
1456,Beer
1456,Eggs
1457,Bread
1457,Butter
1458,Cheese
1458,Beer
1458,Butter
1458,Diaper
1458,Chips
1459,Bread
1459,Cola
1459,Yogurt
1459,Butter
1460,Bread
1460,Butter
1461,Diaper
1461,Beer
1461,Yogurt
1462,Diaper
1462,Beer
1462,Butter
1463,Bread
1463,Cheese
1463,Butter
1464,Diaper
1464,Beer
1464,Chips
1465,Bread
1465,Butter
1466,Bread
1466,Butter
1467,Bread
1467,Yogurt
1467,Milk
1467,Butter
1468,Diaper
1468,Beer
1468,Eggs
1469,Milk
1469,Yogurt
1469,Butter
1469,Bread
1469,Eggs
1470,Cheese
1470,Beer
1470,Butter
1470,Bread
1470,Cola
1471,Bread
1471,Diaper
1471,Beer
1472,Bread
1472,Eggs
1472,Yogurt
1472,Butter
1473,Bread
1473,Cheese
1473,Beer
1473,Butter
1474,Cheese
1474,Butter
1474,Bread
1474,Chips
1474,Eggs
1475,Bread
1475,Butter
1476,Milk
1476,Yogurt
1476,Butter
1476,Bread
1476,Chips
1477,Cheese
1477,Milk
1477,Beer
1477,Diaper
1477,Eggs
1478,Cheese
1478,Eggs
1478,Yogurt
1479,Cheese
1479,Beer
1479,Diaper
1479,Chips
1479,Eggs
1480,Bread
1480,Milk
1480,Butter
1481,Bread
1481,Diaper
1481,Beer
1481,Cheese
1482,Cheese
1482,Beer
1482,Butter
1482,Diaper
1482,Chips
1483,Diaper
1483,Beer
1484,Bread
1484,Eggs
1484,Butter
1485,Eggs
1485,Cola
1485,Yogurt
1485,Milk
1486,Cheese
1486,Milk
1486,Butter
1486,Diaper
1486,Chips
1487,Milk
1487,Butter
1487,Bread
1487,Eggs
1487,Cola
1488,Bread
1488,Butter
1489,Diaper
1489,Beer
1489,Milk
1489,Chips
1490,Bread
1490,Diaper
1490,Beer
1491,Diaper
1491,Cola
1491,Milk
1492,Cheese
1492,Yogurt
1492,Butter
1492,Bread
1492,Chips
1493,Beer
1493,Butter
1493,Bread
1493,Diaper
1493,Cola
1494,Bread
1494,Yogurt
1494,Butter
1495,Beer
1495,Butter
1495,Bread
1495,Chips
1495,Cola
1496,Bread
1496,Milk
1496,Butter
1497,Bread
1497,Diaper
1497,Cola
1497,Butter
1498,Diaper
1498,Beer
1499,Bread
1499,Butter
1500,Cheese
1500,Beer
1500,Yogurt
1501,Milk
1501,Beer
1501,Butter
1501,Bread
1501,Diaper
1502,Bread
1502,Cheese
1502,Beer
1502,Butter
1503,Cheese
1503,Beer
1503,Butter
1503,Bread
1503,Diaper
1504,Milk
1504,Beer
1504,Butter
1504,Diaper
1504,Chips
1505,Diaper
1505,Beer
1505,Eggs
1506,Bread
1506,Milk
1506,Butter
1507,Chips
1507,Butter
1508,Bread
1508,Diaper
1508,Yogurt
1508,Cheese
1509,Cheese
1509,Diaper
1509,Beer
1510,Bread
1510,Cheese
1510,Chips
1511,Milk
1511,Beer
1511,Bread
1511,Diaper
1511,Cola
1512,Cheese
1512,Milk
1512,Bread
1512,Eggs
1512,Cola
1513,Cheese
1513,Beer
1513,Yogurt
1513,Diaper
1513,Cola
1514,Bread
1514,Beer
1515,Milk
1515,Beer
1515,Butter
1515,Bread
1515,Eggs
1516,Bread
1516,Diaper
1516,Chips
1516,Butter
1517,Cheese
1517,Milk
1517,Butter
1517,Diaper
1517,Cola
1518,Bread
1518,Diaper
1518,Beer
1518,Milk
1519,Cheese
1519,Yogurt
1519,Butter
1519,Bread
1519,Chips
1520,Bread
1520,Cheese
1521,Cheese
1521,Milk
1521,Beer
1521,Butter
1521,Bread
1522,Cheese
1522,Butter
1522,Bread
1522,Chips
1522,Cola
1523,Bread
1523,Butter
1524,Diaper
1524,Beer
1524,Butter
1525,Bread
1525,Diaper
1525,Butter
1526,Beer
1526,Yogurt
1527,Cheese
1527,Yogurt
1527,Butter
1527,Diaper
1527,Eggs
1528,Beer
1528,Cola
1528,Milk
1528,Chips
1529,Bread
1529,Butter
1530,Beer
1530,Yogurt
1530,Butter
1531,Bread
1531,Diaper
1531,Cola
1532,Yogurt
1532,Butter
1532,Bread
1532,Eggs
1532,Cola
1533,Bread
1533,Cola
1533,Milk
1533,Butter
1534,Chips
1534,Milk
1534,Butter
1535,Diaper
1535,Beer
1535,Eggs
1536,Yogurt
1536,Butter
1536,Bread
1536,Diaper
1536,Cola
1537,Bread
1537,Diaper
1537,Beer
1538,Bread
1538,Milk
1538,Butter
1539,Milk
1539,Beer
1539,Bread
1539,Chips
1539,Cola
1540,Beer
1540,Chips
1541,Beer
1541,Butter
1542,Bread
1542,Cheese
1542,Butter
1543,Bread
1543,Chips
1543,Butter
1544,Butter
1544,Bread
1544,Diaper
1544,Chips
1544,Eggs
1545,Beer
1545,Butter
1545,Bread
1545,Diaper
1545,Chips
1546,Diaper
1546,Cola
1547,Bread
1547,Diaper
1547,Beer
1547,Butter
1548,Bread
1548,Yogurt
1548,Milk
1548,Butter
1549,Beer
1549,Butter
1549,Bread
1549,Chips
1549,Eggs
1550,Diaper
1550,Beer
1551,Eggs
1551,Diaper
1551,Cola
1552,Milk
1552,Yogurt
1552,Butter
1552,Bread
1552,Chips
1553,Bread
1553,Yogurt
1553,Butter
1554,Bread
1554,Cheese
1554,Butter
1555,Bread
1555,Beer
1555,Eggs
1555,Butter
1556,Bread
1556,Cola
1557,Cheese
1557,Milk
1557,Beer
1557,Butter
1557,Bread
1558,Cheese
1558,Beer
1558,Diaper
1558,Chips
1558,Cola
1559,Diaper
1559,Beer
1559,Yogurt
1560,Cheese
1560,Beer
1560,Cola
1560,Yogurt
1561,Milk
1561,Yogurt
1561,Butter
1561,Bread
1561,Cola
1562,Cheese
1562,Milk
1562,Butter
1562,Bread
1562,Cola
1563,Chips
1563,Cola
1563,Beer
1563,Butter
1564,Diaper
1564,Beer
1564,Butter
1564,Milk
1565,Beer
1565,Cola
1566,Milk
1566,Beer
1566,Butter
1566,Bread
1566,Chips
1567,Bread
1567,Cheese
1567,Chips
1567,Butter
1568,Milk
1568,Beer
1568,Butter
1568,Diaper
1568,Eggs
1569,Cheese
1569,Diaper
1569,Beer
1569,Butter
1570,Beer
1570,Butter
1571,Cola
1571,Yogurt
1571,Butter
1571,Chips
1572,Cheese
1572,Beer
1572,Diaper
1572,Chips
1572,Cola
1573,Bread
1573,Cheese
1573,Butter
1574,Chips
1574,Cola
1575,Milk
1575,Beer
1575,Butter
1575,Bread
1575,Diaper
1576,Diaper
1576,Beer
1576,Butter
1576,Milk
1577,Cheese
1577,Diaper
1577,Beer
1577,Cola
1578,Cheese
1578,Cola
1578,Eggs
1579,Bread
1579,Diaper
1579,Chips
1579,Butter
1580,Beer
1580,Butter
1580,Bread
1580,Chips
1580,Cola
1581,Bread
1581,Eggs
1581,Yogurt
1581,Butter
1582,Yogurt
1582,Butter
1582,Bread
1582,Diaper
1582,Eggs
1583,Bread
1583,Butter
1584,Bread
1584,Cola
1584,Eggs
1585,Cheese
1585,Milk
1585,Beer
1585,Yogurt
1585,Diaper
1586,Diaper
1586,Beer
1586,Cola
1586,Butter
1587,Chips
1587,Eggs
1588,Bread
1588,Milk
1588,Butter
1589,Bread
1589,Diaper
1589,Chips
1589,Butter
1590,Butter
1590,Bread
1590,Diaper
1590,Eggs
1590,Cola
1591,Diaper
1591,Beer
1591,Eggs
1591,Cola
1592,Bread
1592,Cheese
1592,Yogurt
1592,Butter
1593,Bread
1593,Eggs
1593,Butter
1594,Milk
1594,Yogurt
1594,Butter
1594,Bread
1594,Eggs
1595,Cheese
1595,Eggs
1595,Milk
1596,Diaper
1596,Beer
1596,Yogurt
1596,Milk
1597,Bread
1597,Butter
1598,Diaper
1598,Chips
1598,Eggs
1599,Bread
1599,Cola
1599,Butter
1600,Bread
1600,Cheese
1600,Butter
1601,Bread
1601,Chips
1601,Yogurt
1601,Butter
1602,Bread
1602,Diaper
1602,Yogurt
1602,Butter
1603,Cheese
1603,Butter
1604,Diaper
1604,Eggs
1604,Butter
1605,Diaper
1605,Beer
1605,Butter
1606,Beer
1606,Butter
1606,Bread
1606,Eggs
1606,Cola
1607,Diaper
1607,Chips
1607,Butter
1608,Bread
1608,Cheese
1608,Beer
1608,Butter
1609,Cheese
1609,Diaper
1609,Eggs
1609,Milk
1610,Beer
1610,Butter
1610,Diaper
1610,Chips
1610,Cola
1611,Diaper
1611,Beer
1611,Butter
1612,Cheese
1612,Chips
1612,Butter
1613,Bread
1613,Chips
1613,Butter
1614,Diaper
1614,Beer
1615,Bread
1615,Butter
1616,Bread
1616,Milk
1616,Butter
1617,Bread
1617,Diaper
1617,Eggs
1617,Butter
1618,Milk
1618,Butter
1618,Bread
1618,Diaper
1618,Cola
1619,Eggs
1619,Diaper
1619,Beer
1619,Yogurt
1620,Cola
1620,Eggs
1621,Cheese
1621,Milk
1621,Yogurt
1621,Butter
1621,Eggs
1622,Diaper
1622,Beer
1622,Yogurt
1623,Chips
1623,Butter
1623,Milk
1624,Diaper
1624,Beer
1624,Cola
1625,Diaper
1625,Beer
1626,Eggs
1626,Diaper
1626,Cola
1626,Yogurt
1627,Beer
1627,Yogurt
1627,Butter
1627,Bread
1627,Eggs
1628,Diaper
1628,Beer
1628,Milk
1628,Butter
1629,Beer
1629,Yogurt
1629,Butter
1629,Bread
1629,Chips
1630,Bread
1630,Cheese
1630,Butter
1631,Bread
1631,Chips
1631,Butter
1632,Eggs
1632,Diaper
1632,Cola
1632,Yogurt
1633,Bread
1633,Cola
1633,Milk
1633,Butter
1634,Bread
1634,Diaper
1634,Beer
1634,Chips
1635,Yogurt
1635,Butter
1636,Bread
1636,Diaper
1636,Beer
1637,Diaper
1637,Beer
1637,Yogurt
1637,Chips
1638,Beer
1638,Butter
1638,Bread
1638,Eggs
1638,Cola
1639,Diaper
1639,Beer
1640,Cheese
1640,Eggs
1640,Milk
1640,Butter
1641,Chips
1641,Cola
1641,Milk
1642,Beer
1642,Yogurt
1642,Butter
1642,Bread
1642,Chips
1643,Yogurt
1643,Butter
1643,Bread
1643,Diaper
1643,Chips
1644,Bread
1644,Cheese
1644,Beer
1644,Butter
1645,Bread
1645,Yogurt
1645,Eggs
1645,Milk
1646,Cheese
1646,Diaper
1646,Beer
1647,Bread
1647,Diaper
1647,Beer
1647,Butter
1648,Diaper
1648,Eggs
1648,Yogurt
1648,Butter
1649,Diaper
1649,Beer
1649,Butter
1650,Diaper
1650,Beer
1650,Cola
1650,Milk
1651,Diaper
1651,Beer
1651,Cola
1651,Butter
1652,Diaper
1652,Beer
1653,Milk
1653,Beer
1653,Butter
1653,Bread
1653,Diaper
1654,Diaper
1654,Eggs
1655,Cheese
1655,Beer
1655,Yogurt
1655,Diaper
1655,Cola
1656,Beer
1656,Butter
1656,Diaper
1656,Chips
1656,Eggs
1657,Cheese
1657,Butter
1657,Bread
1657,Chips
1657,Eggs
1658,Beer
1658,Yogurt
1658,Bread
1658,Diaper
1658,Chips
1659,Diaper
1659,Beer
1660,Bread
1660,Beer
1660,Butter
1661,Diaper
1661,Cheese
1662,Diaper
1662,Beer
1663,Bread
1663,Chips
1663,Eggs
1663,Butter
1664,Diaper
1664,Beer
1665,Diaper
1665,Beer
1665,Eggs
1665,Butter
1666,Bread
1666,Milk
1666,Butter
1667,Bread
1667,Eggs
1667,Butter
1668,Bread
1668,Diaper
1668,Chips
1668,Butter
1669,Cheese
1669,Milk
1669,Yogurt
1669,Diaper
1669,Eggs
1670,Bread
1670,Chips
1670,Butter
1671,Diaper
1671,Beer
1671,Cola
1671,Yogurt
1672,Diaper
1672,Beer
1673,Diaper
1673,Beer
1673,Butter
1674,Bread
1674,Cheese
1674,Butter
1675,Bread
1675,Cola
1675,Butter
1676,Bread
1676,Butter
1677,Bread
1677,Diaper
1677,Butter
1678,Cheese
1678,Beer
1678,Yogurt
1678,Butter
1678,Bread
1679,Beer
1679,Milk
1679,Butter
1679,Chips
1680,Cheese
1680,Diaper
1680,Beer
1680,Eggs
1681,Bread
1681,Butter
1682,Eggs
1682,Butter
1683,Beer
1683,Cola
1683,Milk
1684,Milk
1684,Beer
1684,Yogurt
1684,Butter
1684,Cola
1685,Cheese
1685,Beer
1685,Butter
1685,Bread
1685,Chips
1686,Diaper
1686,Yogurt
1686,Milk
1687,Bread
1687,Chips
1687,Butter
1688,Bread
1688,Diaper
1688,Beer
1689,Diaper
1689,Beer
1689,Butter
1690,Diaper
1690,Beer
1691,Bread
1691,Chips
1691,Eggs
1691,Butter
1692,Milk
1692,Beer
1692,Yogurt
1692,Butter
1692,Bread
1693,Diaper
1693,Beer
1694,Chips
1694,Eggs
1694,Milk
1695,Milk
1695,Beer
1695,Butter
1695,Bread
1695,Diaper
1696,Chips
1696,Yogurt
1696,Milk
1697,Diaper
1697,Beer
1697,Butter
1698,Diaper
1698,Beer
1698,Yogurt
1699,Diaper
1699,Beer
1700,Bread
1700,Eggs
1700,Butter
1701,Bread
1701,Eggs
1701,Butter
1702,Diaper
1702,Beer
1702,Yogurt
1703,Bread
1703,Butter
1704,Bread
1704,Diaper
1704,Yogurt
1704,Butter
1705,Diaper
1705,Beer
1705,Cola
1706,Beer
1706,Butter
1706,Bread
1706,Diaper
1706,Cola
1707,Bread
1707,Butter
1708,Diaper
1708,Beer
1709,Bread
1709,Chips
1709,Cola
1709,Butter
1710,Cheese
1710,Beer
1710,Milk
1711,Cheese
1711,Diaper
1711,Beer
1712,Bread
1712,Eggs
1712,Milk
1712,Butter
1713,Bread
1713,Chips
1713,Butter
1714,Cheese
1714,Chips
1714,Yogurt
1715,Bread
1715,Cheese
1715,Butter
1716,Diaper
1716,Chips
1717,Bread
1717,Yogurt
1717,Butter
1718,Cheese
1718,Beer
1718,Butter
1718,Bread
1718,Eggs
1719,Diaper
1719,Beer
1720,Milk
1720,Beer
1720,Butter
1720,Chips
1720,Cola
1721,Bread
1721,Cheese
1721,Beer
1721,Butter
1722,Cheese
1722,Milk
1722,Beer
1722,Diaper
1722,Eggs
1723,Diaper
1723,Beer
1724,Diaper
1724,Beer
1725,Bread
1725,Diaper
1725,Beer
1726,Diaper
1726,Beer
1726,Milk
1726,Chips
1727,Chips
1727,Eggs
1727,Yogurt
1728,Bread
1728,Butter
1729,Bread
1729,Diaper
1729,Chips
1730,Diaper
1730,Beer
1730,Yogurt
1731,Cheese
1731,Butter
1731,Bread
1731,Diaper
1731,Cola
1732,Cheese
1732,Chips
1732,Cola
1732,Milk
1733,Milk
1733,Yogurt
1733,Butter
1733,Bread
1733,Eggs
1734,Bread
1734,Chips
1734,Butter
1735,Bread
1735,Chips
1735,Eggs
1735,Butter
1736,Bread
1736,Butter
1737,Cheese
1737,Beer
1737,Yogurt
1737,Butter
1737,Diaper
1738,Diaper
1738,Eggs
1739,Bread
1739,Diaper
1739,Yogurt
1739,Cheese
1740,Milk
1740,Beer
1740,Bread
1740,Diaper
1740,Eggs
1741,Milk
1741,Yogurt
1741,Chips
1741,Eggs
1741,Cola
1742,Butter
1742,Bread
1742,Chips
1742,Eggs
1742,Cola
1743,Bread
1743,Butter
1744,Diaper
1744,Beer
1744,Butter
1745,Diaper
1745,Beer
1746,Diaper
1746,Beer
1746,Cola
1747,Yogurt
1747,Butter
1747,Bread
1747,Diaper
1747,Chips
1748,Bread
1748,Yogurt
1748,Eggs
1749,Bread
1749,Butter
1750,Bread
1750,Eggs
1750,Milk
1750,Butter
1751,Cheese
1751,Butter
1751,Bread
1751,Diaper
1751,Eggs
1752,Cheese
1752,Milk
1752,Diaper
1752,Eggs
1752,Cola
1753,Bread
1753,Beer
1753,Yogurt
1753,Butter
1754,Bread
1754,Beer
1754,Eggs
1754,Milk
1755,Chips
1755,Milk
1756,Cheese
1756,Beer
1756,Bread
1756,Diaper
1756,Chips
1757,Cheese
1757,Milk
1757,Beer
1757,Bread
1757,Diaper
1758,Chips
1758,Cola
1758,Yogurt
1758,Butter
1759,Cheese
1759,Beer
1759,Diaper
1759,Eggs
1759,Cola
1760,Cheese
1760,Milk
1760,Butter
1760,Bread
1760,Diaper
1761,Bread
1761,Chips
1761,Cola
1761,Butter
1762,Diaper
1762,Beer
1763,Diaper
1763,Beer
1764,Eggs
1764,Beer
1764,Yogurt
1764,Milk
1765,Eggs
1765,Milk
1766,Cheese
1766,Yogurt
1766,Diaper
1766,Chips
1766,Cola
1767,Bread
1767,Eggs
1767,Butter
1768,Bread
1768,Butter
1769,Bread
1769,Yogurt
1770,Bread
1770,Chips
1770,Butter
1771,Diaper
1771,Beer
1771,Eggs
1771,Milk
1772,Diaper
1772,Beer
1772,Milk
1773,Bread
1773,Cheese
1773,Chips
1773,Butter
1774,Diaper
1774,Beer
1774,Yogurt
1774,Butter
1775,Beer
1775,Yogurt
1775,Bread
1775,Diaper
1775,Chips
1776,Diaper
1776,Beer
1776,Yogurt
1776,Milk
1777,Bread
1777,Diaper
1777,Eggs
1777,Butter
1778,Cheese
1778,Eggs
1779,Bread
1779,Butter
1780,Beer
1780,Butter
1780,Bread
1780,Diaper
1780,Eggs
1781,Milk
1781,Yogurt
1781,Butter
1781,Bread
1781,Cola
1782,Bread
1782,Eggs
1782,Butter
1783,Eggs
1783,Butter
1784,Cheese
1784,Diaper
1784,Beer
1784,Milk
1785,Cheese
1785,Diaper
1785,Beer
1785,Bread
1786,Diaper
1786,Beer
1786,Eggs
1786,Milk
1787,Cheese
1787,Yogurt
1787,Butter
1787,Eggs
1787,Cola
1788,Bread
1788,Diaper
1788,Beer
1788,Cola
1789,Eggs
1789,Beer
1789,Cola
1789,Butter
1790,Bread
1790,Butter
1791,Diaper
1791,Beer
1791,Eggs
1792,Cheese
1792,Diaper
1792,Beer
1793,Bread
1793,Cola
1793,Yogurt
1793,Butter
1794,Cheese
1794,Butter
1794,Bread
1794,Eggs
1794,Cola
1795,Diaper
1795,Beer
1796,Milk
1796,Beer
1796,Chips
1796,Eggs
1796,Cola
1797,Milk
1797,Beer
1797,Butter
1797,Diaper
1797,Cola
1798,Cheese
1798,Diaper
1798,Beer
1798,Bread
1799,Milk
1799,Beer
1799,Butter
1799,Bread
1799,Cola
1800,Cheese
1800,Milk
1800,Butter
1800,Bread
1800,Cola
1801,Yogurt
1801,Milk
1802,Cheese
1802,Beer
1802,Butter
1802,Bread
1802,Eggs
1803,Diaper
1803,Beer
1804,Bread
1804,Cheese
1804,Yogurt
1804,Butter
1805,Cola
1805,Eggs
1805,Beer
1805,Milk
1806,Chips
1806,Milk
1807,Bread
1807,Butter
1808,Beer
1808,Chips
1809,Diaper
1809,Beer
1810,Bread
1810,Yogurt
1810,Butter
1811,Diaper
1811,Beer
1812,Eggs
1812,Cola
1813,Bread
1813,Butter
1814,Diaper
1814,Beer
1814,Butter
1815,Diaper
1815,Beer
1816,Bread
1816,Cheese
1816,Beer
1816,Butter
1817,Bread
1817,Cheese
1817,Yogurt
1817,Butter
1818,Bread
1818,Yogurt
1818,Butter
1819,Diaper
1819,Beer
1820,Cheese
1820,Milk
1820,Beer
1820,Yogurt
1820,Diaper
1821,Beer
1821,Butter
1821,Diaper
1821,Chips
1821,Eggs
1822,Bread
1822,Butter
1823,Cheese
1823,Milk
1823,Butter
1823,Bread
1823,Eggs
1824,Cheese
1824,Milk
1824,Beer
1824,Diaper
1824,Eggs
1825,Diaper
1825,Beer
1825,Cola
1825,Butter
1826,Diaper
1826,Beer
1826,Milk
1827,Bread
1827,Diaper
1827,Milk
1827,Butter
1828,Diaper
1828,Beer
1828,Yogurt
1828,Butter
1829,Milk
1829,Beer
1829,Butter
1829,Diaper
1829,Chips
1830,Cheese
1830,Milk
1830,Bread
1830,Chips
1830,Cola
1831,Bread
1831,Butter
1832,Diaper
1832,Beer
1832,Butter
1833,Beer
1833,Yogurt
1833,Butter
1833,Diaper
1833,Chips
1834,Bread
1834,Butter
1835,Eggs
1835,Butter
1835,Cola
1835,Milk
1836,Diaper
1836,Beer
1837,Chips
1837,Beer
1837,Milk
1838,Milk
1838,Beer
1838,Yogurt
1838,Bread
1838,Diaper
1839,Diaper
1839,Beer
1839,Yogurt
1839,Chips
1840,Diaper
1840,Butter
1841,Diaper
1841,Beer
1842,Diaper
1842,Beer
1842,Eggs
1843,Cheese
1843,Diaper
1843,Beer
1843,Eggs
1844,Cheese
1844,Beer
1844,Butter
1844,Chips
1844,Cola
1845,Beer
1845,Butter
1845,Bread
1845,Diaper
1845,Cola
1846,Bread
1846,Cola
1846,Milk
1846,Butter
1847,Diaper
1847,Beer
1848,Milk
1848,Beer
1848,Yogurt
1848,Butter
1848,Bread
1849,Beer
1849,Yogurt
1849,Diaper
1849,Chips
1849,Cola
1850,Milk
1850,Beer
1850,Butter
1850,Bread
1850,Diaper
1851,Cheese
1851,Diaper
1851,Beer
1851,Eggs
1852,Bread
1852,Butter
1853,Bread
1853,Cheese
1853,Diaper
1853,Butter
1854,Cheese
1854,Beer
1854,Diaper
1854,Eggs
1854,Cola
1855,Cheese
1855,Diaper
1855,Beer
1856,Diaper
1856,Beer
1857,Beer
1857,Yogurt
1857,Bread
1857,Diaper
1857,Chips
1858,Bread
1858,Cheese
1858,Yogurt
1858,Milk
1859,Bread
1859,Beer
1859,Cola
1859,Butter
1860,Bread
1860,Eggs
1860,Milk
1861,Diaper
1861,Beer
1861,Eggs
1861,Chips
1862,Cheese
1862,Diaper
1862,Beer
1862,Milk
1863,Butter
1863,Milk
1864,Diaper
1864,Beer
1865,Bread
1865,Yogurt
1865,Milk
1865,Butter
1866,Cheese
1866,Milk
1866,Beer
1866,Yogurt
1866,Bread
1867,Cheese
1867,Milk
1868,Bread
1868,Cheese
1868,Butter
1869,Bread
1869,Butter
1870,Cheese
1870,Beer
1870,Bread
1870,Diaper
1870,Cola
1871,Bread
1871,Chips
1872,Cheese
1872,Butter
1872,Bread
1872,Diaper
1872,Eggs
1873,Cheese
1873,Eggs
1874,Bread
1874,Cheese
1874,Butter
1875,Cheese
1875,Chips
1875,Butter
1875,Milk
1876,Bread
1876,Cheese
1876,Yogurt
1877,Cheese
1877,Butter
1877,Bread
1877,Chips
1877,Eggs
1878,Bread
1878,Beer
1878,Butter
1879,Bread
1879,Butter
1880,Cheese
1880,Diaper
1880,Beer
1880,Bread
1881,Diaper
1881,Beer
1881,Milk
1882,Bread
1882,Diaper
1882,Beer
1882,Butter
1883,Bread
1883,Diaper
1883,Butter
1883,Cheese
1884,Bread
1884,Chips
1884,Butter
1885,Diaper
1885,Beer
1886,Diaper
1886,Beer
1886,Yogurt
1887,Bread
1887,Cola
1887,Butter
1888,Bread
1888,Beer
1888,Eggs
1889,Cheese
1889,Milk
1889,Beer
1889,Bread
1889,Diaper
1890,Bread
1890,Cheese
1890,Butter
1890,Milk
1891,Bread
1891,Diaper
1891,Beer
1891,Butter
1892,Bread
1892,Butter
1893,Milk
1893,Beer
1893,Bread
1893,Diaper
1893,Chips
1894,Diaper
1894,Chips
1895,Cheese
1895,Chips
1896,Bread
1896,Butter
1897,Bread
1897,Cheese
1897,Diaper
1897,Butter
1898,Beer
1898,Milk
1899,Bread
1899,Diaper
1899,Beer
1900,Bread
1900,Cheese
1900,Butter
1901,Bread
1901,Butter
1902,Yogurt
1902,Bread
1902,Diaper
1902,Eggs
1902,Cola
1903,Diaper
1903,Beer
1904,Bread
1904,Butter
1905,Diaper
1905,Beer
1905,Eggs
1905,Milk
1906,Diaper
1906,Beer
1907,Cheese
1907,Diaper
1907,Beer
1907,Chips
1908,Bread
1908,Diaper
1908,Beer
1908,Butter
1909,Bread
1909,Milk
1909,Butter
1910,Bread
1910,Butter
1911,Milk
1911,Yogurt
1911,Butter
1911,Bread
1911,Cola
1912,Bread
1912,Butter
1913,Bread
1913,Butter
1914,Cheese
1914,Yogurt
1914,Butter
1914,Bread
1914,Diaper
1915,Milk
1915,Beer
1915,Yogurt
1915,Bread
1915,Diaper
1916,Cheese
1916,Diaper
1916,Beer
1917,Milk
1917,Yogurt
1917,Butter
1917,Bread
1917,Cola
1918,Bread
1918,Cola
1918,Butter
1919,Diaper
1919,Beer
1920,Diaper
1920,Beer
1920,Eggs
1920,Milk
1921,Diaper
1921,Beer
1921,Milk
1922,Cheese
1922,Beer
1922,Yogurt
1922,Butter
1923,Bread
1923,Cheese
1923,Eggs
1923,Butter
1924,Diaper
1924,Beer
1924,Yogurt
1924,Milk
1925,Milk
1925,Yogurt
1925,Butter
1925,Bread
1925,Diaper
1926,Cheese
1926,Milk
1926,Beer
1926,Butter
1926,Cola
1927,Cheese
1927,Diaper
1927,Beer
1928,Bread
1928,Cheese
1928,Cola
1928,Butter
1929,Bread
1929,Butter
1930,Cheese
1930,Milk
1930,Yogurt
1930,Butter
1930,Bread
1931,Cheese
1931,Milk
1931,Yogurt
1931,Butter
1931,Bread
1932,Cheese
1932,Yogurt
1932,Bread
1932,Diaper
1932,Eggs
1933,Bread
1933,Diaper
1933,Beer
1934,Cola
1934,Eggs
1934,Beer
1934,Butter
1935,Bread
1935,Diaper
1935,Beer
1936,Cheese
1936,Diaper
1936,Beer
1937,Beer
1937,Butter
1937,Bread
1937,Diaper
1937,Cola
1938,Beer
1938,Yogurt
1938,Butter
1938,Bread
1938,Cola
1939,Bread
1939,Chips
1939,Cola
1939,Butter
1940,Bread
1940,Yogurt
1941,Beer
1941,Yogurt
1941,Butter
1941,Bread
1941,Diaper
1942,Bread
1942,Cheese
1942,Chips
1942,Butter
1943,Diaper
1943,Beer
1944,Yogurt
1944,Butter
1944,Bread
1944,Diaper
1944,Chips
1945,Bread
1945,Chips
1945,Cola
1945,Butter
1946,Bread
1946,Beer
1947,Beer
1947,Yogurt
1947,Butter
1947,Bread
1947,Chips
1948,Cheese
1948,Diaper
1948,Beer
1949,Bread
1949,Diaper
1949,Beer
1950,Cheese
1950,Beer
1950,Butter
1951,Bread
1951,Chips
1951,Butter
1952,Cheese
1952,Beer
1952,Diaper
1952,Eggs
1952,Cola
1953,Yogurt
1953,Butter
1953,Bread
1953,Chips
1953,Cola
1954,Cheese
1954,Diaper
1954,Chips
1954,Milk
1955,Diaper
1955,Beer
1956,Bread
1956,Diaper
1956,Eggs
1956,Butter
1957,Bread
1957,Butter
1958,Beer
1958,Yogurt
1959,Diaper
1959,Beer
1959,Cola
1959,Butter
1960,Diaper
1960,Beer
1961,Bread
1961,Milk
1961,Butter
1962,Bread
1962,Cheese
1962,Beer
1962,Butter
1963,Cheese
1963,Diaper
1963,Beer
1964,Bread
1964,Chips
1964,Yogurt
1964,Butter
1965,Cheese
1965,Beer
1965,Bread
1965,Diaper
1965,Eggs
1966,Diaper
1966,Beer
1966,Cola
1966,Milk
1967,Diaper
1967,Beer
1967,Yogurt
1967,Butter
1968,Diaper
1968,Beer
1968,Butter
1969,Milk
1969,Beer
1969,Butter
1969,Bread
1969,Diaper
1970,Milk
1970,Yogurt
1970,Butter
1970,Bread
1970,Cola
1971,Diaper
1971,Beer
1972,Chips
1972,Eggs
1973,Cheese
1973,Beer
1973,Diaper
1973,Chips
1973,Eggs
1974,Beer
1974,Yogurt
1974,Butter
1974,Bread
1974,Eggs
1975,Beer
1975,Butter
1975,Bread
1975,Diaper
1975,Cola
1976,Milk
1976,Yogurt
1976,Butter
1976,Bread
1976,Cola
1977,Bread
1977,Cheese
1977,Eggs
1977,Butter
1978,Diaper
1978,Beer
1978,Milk
1979,Diaper
1979,Beer
1979,Butter
1979,Chips
1980,Bread
1980,Diaper
1980,Milk
1980,Butter
1981,Cola
1981,Butter
1982,Diaper
1982,Beer
1982,Cola
1983,Chips
1983,Yogurt
1983,Butter
1983,Milk
1984,Diaper
1984,Beer
1985,Beer
1985,Yogurt
1985,Butter
1985,Bread
1985,Chips
1986,Bread
1986,Cola
1986,Yogurt
1986,Butter
1987,Chips
1987,Beer
1988,Bread
1988,Butter
1989,Bread
1989,Butter
1990,Cheese
1990,Milk
1990,Butter
1990,Diaper
1990,Eggs
1991,Bread
1991,Cheese
1991,Cola
1991,Diaper
1992,Cheese
1992,Beer
1992,Chips
1992,Eggs
1992,Cola
1993,Bread
1993,Beer
1993,Cola
1993,Butter
1994,Beer
1994,Milk
1995,Diaper
1995,Beer
1995,Eggs
1995,Milk
1996,Bread
1996,Diaper
1996,Beer
1996,Cola
1997,Cheese
1997,Milk
1997,Butter
1997,Chips
1997,Eggs
1998,Diaper
1998,Beer
1998,Eggs
1999,Eggs
1999,Cheese
1999,Beer
1999,Yogurt
2000,Eggs
2000,Chips
2000,Cola
2000,Milk
